{
	"name" : "Moomoo Extensions Elementor",
	"slug" : "moomoo-extensions-elementor",	
	"new_version" : "1.2.9",
	"requires_wordpress" : "5.0",
	"download_url" : "https://raw.githubusercontent.com/ngadt/moomoo-extensions-elementor/master/moomoo-extensions-elementor.zip",	
	"slq_name": "MariaDB",
	"requires_sql" : "10.4.1",
	"requires_php" : "5.2",
	"last_updated" : "2022-06-03 17:00",
	"sections" : {
		"description" : "Add function auto upgrade plugin",
		"installation" : "Click the activate button and that's it.",
		"changelog" : "Pls check <a href='https://raw.githubusercontent.com/ngadt/moomoo-extensions-elementor/master/changelog.txt' target='_blank'> Here </a> "
	}
} 