{
	"name" : "Moomoo Extensions Elementor",
	"slug" : "moomoo-extensions-elementor",	
	"new_version" : "2.0",
	"requires_wordpress" : "3.0",
	"download_url" : "https://github.com/ngadt/moomoo-extensions-elementor",	
	"slq_name": "MariaDB",
	"requires_sql" : "10.4.1",
	"requires_php" : "5.2",
	"last_updated" : "2022-01-23 17:00",
	"sections" : {
		"description" : "Add function auto upgrade plugin",
		"installation" : "Click the activate button and that's it.",
		"changelog" : "<h4>1.0 –  1 august 2022</h4><ul><li>Bug fixes.</li><li>Initital release.</li></ul>"
	}
}